{"cameraMode":{"drawMode":0,"name":"Shaded","section":"Shading Mode"},"sceneLighting":true,"audioPlay":false,"sceneViewState":{"m_AlwaysRefresh":false,"showFog":true,"showSkybox":true,"showFlares":true,"showImageEffects":true,"showParticleSystems":true,"showVisualEffectGraphs":true,"m_FxEnabled":true},"in2DMode":false,"pivot":{"x":0.3493232727050781,"y":-0.21262025833129884,"z":2.3762664794921877},"rotation":{"x":0.2834530174732208,"y":-0.19895172119140626,"z":0.060237474739551547,"w":0.9361857771873474},"size":13.351597785949707,"orthographic":false}