{"cameraMode":{"drawMode":0,"name":"Shaded","section":"Shading Mode"},"sceneLighting":true,"audioPlay":false,"sceneViewState":{"m_AlwaysRefresh":false,"showFog":true,"showSkybox":true,"showFlares":true,"showImageEffects":true,"showParticleSystems":true,"showVisualEffectGraphs":true,"m_FxEnabled":true},"in2DMode":false,"pivot":{"x":523.813232421875,"y":420.87872314453127,"z":-3.0817413330078127},"rotation":{"x":0.05547147989273071,"y":0.002995093120262027,"z":-0.00016660918481647968,"w":0.9984580278396606},"size":386.22882080078127,"orthographic":false}