{"cameraMode":{"drawMode":0,"name":"Shaded","section":"Shading Mode"},"sceneLighting":false,"audioPlay":false,"sceneViewState":{"m_AlwaysRefresh":false,"showFog":true,"showSkybox":true,"showFlares":true,"showImageEffects":true,"showParticleSystems":true,"showVisualEffectGraphs":true,"m_FxEnabled":true},"in2DMode":false,"pivot":{"x":625.6714477539063,"y":1102.7518310546875,"z":-51.341880798339847},"rotation":{"x":0.0029980135150253774,"y":-0.03749144449830055,"z":0.0001122124376706779,"w":0.9992954730987549},"size":253.67991638183595,"orthographic":false}