{"cameraMode":{"drawMode":0,"name":"Shaded","section":"Shading Mode"},"sceneLighting":false,"audioPlay":false,"sceneViewState":{"m_AlwaysRefresh":false,"showFog":true,"showSkybox":true,"showFlares":true,"showImageEffects":true,"showParticleSystems":true,"showVisualEffectGraphs":true,"m_FxEnabled":true},"in2DMode":false,"pivot":{"x":523.1910400390625,"y":834.4634399414063,"z":1358.082763671875},"rotation":{"x":0.04048909991979599,"y":0.0029973338823765518,"z":-0.00012143346248194575,"w":0.9991824626922607},"size":1024.5313720703125,"orthographic":false}