{"cameraMode":{"drawMode":0,"name":"Shaded","section":"Shading Mode"},"sceneLighting":false,"audioPlay":false,"sceneViewState":{"m_AlwaysRefresh":false,"showFog":true,"showSkybox":true,"showFlares":true,"showImageEffects":true,"showParticleSystems":true,"showVisualEffectGraphs":true,"m_FxEnabled":true},"in2DMode":false,"pivot":{"x":671.7460327148438,"y":1303.364013671875,"z":-8.358444213867188},"rotation":{"x":0.022496521472930909,"y":0.013496247120201588,"z":-0.00030435732332989573,"w":0.9996575713157654},"size":446.88165283203127,"orthographic":false}