{"cameraMode":{"drawMode":0,"name":"Shaded","section":"Shading Mode"},"sceneLighting":false,"audioPlay":false,"sceneViewState":{"m_AlwaysRefresh":false,"showFog":true,"showSkybox":true,"showFlares":true,"showImageEffects":true,"showParticleSystems":true,"showVisualEffectGraphs":true,"m_FxEnabled":true},"in2DMode":false,"pivot":{"x":589.5007934570313,"y":1076.7861328125,"z":8.508949279785157},"rotation":{"x":0.011992144398391247,"y":-0.035990092903375629,"z":0.00043181891669519246,"w":0.9992854595184326},"size":232.0067596435547,"orthographic":false}