{"cameraMode":{"drawMode":0,"name":"Shaded","section":"Shading Mode"},"sceneLighting":false,"audioPlay":false,"sceneViewState":{"m_AlwaysRefresh":false,"showFog":true,"showSkybox":true,"showFlares":true,"showImageEffects":true,"showParticleSystems":true,"showVisualEffectGraphs":true,"m_FxEnabled":true},"in2DMode":false,"pivot":{"x":5.290430068969727,"y":28.711759567260743,"z":-109.5650863647461},"rotation":{"x":0.19806331396102906,"y":-0.03380952030420303,"z":0.0068345628678798679,"w":0.9795880913734436},"size":8.898788452148438,"orthographic":false}