{"cameraMode":{"drawMode":0,"name":"Shaded","section":"Shading Mode"},"sceneLighting":false,"audioPlay":false,"sceneViewState":{"m_AlwaysRefresh":false,"showFog":true,"showSkybox":true,"showFlares":true,"showImageEffects":true,"showParticleSystems":true,"showVisualEffectGraphs":true,"m_FxEnabled":true},"in2DMode":false,"pivot":{"x":548.8515625,"y":1403.4749755859375,"z":16.323760986328126},"rotation":{"x":0.11226360499858856,"y":0.0029808594845235349,"z":-0.00033818327938206494,"w":0.9936798810958862},"size":507.9842224121094,"orthographic":false}