{"cameraMode":{"drawMode":0,"name":"Shaded","section":"Shading Mode"},"sceneLighting":false,"audioPlay":false,"sceneViewState":{"m_AlwaysRefresh":false,"showFog":true,"showSkybox":true,"showFlares":true,"showImageEffects":true,"showParticleSystems":true,"showVisualEffectGraphs":true,"m_FxEnabled":true},"in2DMode":false,"pivot":{"x":545.8272705078125,"y":1588.483154296875,"z":23.374649047851564},"rotation":{"x":0.025497958064079286,"y":-0.0014995158417150379,"z":0.0000374744413420558,"w":0.9996795058250427},"size":535.2213745117188,"orthographic":false}