{"cameraMode":{"drawMode":0,"name":"Shaded","section":"Shading Mode"},"sceneLighting":false,"audioPlay":false,"sceneViewState":{"m_AlwaysRefresh":false,"showFog":true,"showSkybox":true,"showFlares":true,"showImageEffects":true,"showParticleSystems":true,"showVisualEffectGraphs":true,"m_FxEnabled":true},"in2DMode":false,"pivot":{"x":238.24102783203126,"y":1533.7994384765625,"z":-43.76664733886719},"rotation":{"x":0.07492765039205551,"y":0.008974534459412098,"z":-0.0006754871574230492,"w":0.9971544742584229},"size":278.9150390625,"orthographic":false}