{"cameraMode":{"drawMode":0,"name":"Shaded","section":"Shading Mode"},"sceneLighting":true,"audioPlay":false,"sceneViewState":{"m_AlwaysRefresh":false,"showFog":true,"showSkybox":true,"showFlares":true,"showImageEffects":true,"showParticleSystems":true,"showVisualEffectGraphs":true,"m_FxEnabled":true},"in2DMode":false,"pivot":{"x":15.223801612854004,"y":1.4815988540649415,"z":-40.45738983154297},"rotation":{"x":0.07042329013347626,"y":0.023042412474751474,"z":-0.0016251183114945889,"w":0.9972535371780396},"size":2.514244556427002,"orthographic":false}