{"cameraMode":{"drawMode":0,"name":"Shaded","section":"Shading Mode"},"sceneLighting":true,"audioPlay":false,"sceneViewState":{"m_AlwaysRefresh":false,"showFog":true,"showSkybox":true,"showFlares":true,"showImageEffects":true,"showParticleSystems":true,"showVisualEffectGraphs":true,"m_FxEnabled":true},"in2DMode":false,"pivot":{"x":22.473115921020509,"y":0.2464914321899414,"z":-29.220794677734376},"rotation":{"x":0.3217250406742096,"y":-0.35771745443344118,"z":0.1328112781047821,"w":0.8665438294410706},"size":7.725936412811279,"orthographic":false}