{"cameraMode":{"drawMode":0,"name":"Shaded","section":"Shading Mode"},"sceneLighting":false,"audioPlay":false,"sceneViewState":{"m_AlwaysRefresh":false,"showFog":true,"showSkybox":true,"showFlares":true,"showImageEffects":true,"showParticleSystems":true,"showVisualEffectGraphs":true,"m_FxEnabled":true},"in2DMode":false,"pivot":{"x":480.57647705078127,"y":1519.6861572265625,"z":19.665008544921876},"rotation":{"x":0.025497958064079286,"y":-0.0014995158417150379,"z":0.0000374744413420558,"w":0.9996795058250427},"size":490.96954345703127,"orthographic":false}