{"cameraMode":{"drawMode":0,"name":"Shaded","section":"Shading Mode"},"sceneLighting":false,"audioPlay":false,"sceneViewState":{"m_AlwaysRefresh":false,"showFog":true,"showSkybox":false,"showFlares":true,"showImageEffects":true,"showParticleSystems":true,"showVisualEffectGraphs":true,"m_FxEnabled":true},"in2DMode":false,"pivot":{"x":539.3060302734375,"y":1443.4249267578125,"z":25.997695922851564},"rotation":{"x":0.025497958064079286,"y":-0.0014995158417150379,"z":0.0000374744413420558,"w":0.9996795058250427},"size":740.2889404296875,"orthographic":false}